-- Disable foreign key checks
SET FOREIGN_KEY_CHECKS = 0;

TRUNCATE TABLE ticket_tags;
TRUNCATE TABLE tags;
TRUNCATE TABLE tickets;

SET FOREIGN_KEY_CHECKS = 1;

-- Seed Tags
INSERT INTO tags (id, name, color) VALUES
(1, '00后', '#000000'),
(2, '80后', '#3DDC84'),
(3, '90后', '#61DAFB'),
(4, 'C++', '#3776AB'),
(5, 'Docker', '#5A5A5A'),
(6, 'Figma', '#FF5733'),
(7, 'Flutter', '#FFC300'),
(8, 'Go', '#8E44AD'),
(9, 'Java', '#E74C3C'),
(10, 'Kubernetes', '#2ECC71'),
(11, 'Node.js', '#3498DB'),
(12, 'Python', '#F1C40F'),
(13, 'React', '#1ABC9C'),
(14, 'Rust', '#E67E22'),
(15, 'SQL', '#D35400'),
(16, 'Sketch', '#9B59B6'),
(17, 'Swift', '#95A5A6'),
(18, 'TypeScript', '#C0392B'),
(19, 'Vue', '#27AE60'),
(20, '上海', '#34495E'),
(21, '严谨', '#2C3E50'),
(22, '乐观', '#16A085'),
(23, '产品经理', '#7F8C8D'),
(24, '全栈工程师', '#D35400'),
(25, '内向', '#8E44AD'),
(26, '冷静', '#FF6347'),
(27, '前端工程师', '#4682B4'),
(28, '北京', '#DAA520'),
(29, '博士', '#CD853F'),
(30, '后端工程师', '#708090'),
(31, '幽默', '#000000'),
(32, '广州', '#3DDC84'),
(33, '开朗', '#61DAFB'),
(34, '成都', '#3776AB'),
(35, '数据分析师', '#5A5A5A'),
(36, '有责任心', '#FF5733'),
(37, '本科', '#FFC300'),
(38, '杭州', '#8E44AD'),
(39, '架构师', '#E74C3C'),
(40, '武汉', '#2ECC71'),
(41, '沉稳', '#3498DB'),
(42, '活泼', '#F1C40F'),
(43, '测试工程师', '#1ABC9C'),
(44, '深圳', '#E67E22'),
(45, '热情', '#D35400'),
(46, '硕士', '#9B59B6'),
(47, '算法工程师', '#95A5A6'),
(48, '细心', '#C0392B'),
(49, '西安', '#27AE60'),
(50, '设计师', '#34495E'),
(51, '运维工程师', '#2C3E50');

-- Seed Tickets (People)
INSERT INTO tickets (id, title, description, status, created_at, updated_at) VALUES
(1, '杨秀英芳', '你好，我是杨秀英芳。我是一名算法工程师，擅长Java、Swift。', 'open', NOW(), NOW()),
(2, '胡洋明', '你好，我是胡洋明。我是一名算法工程师，擅长Python、React、TypeScript。', 'open', NOW(), NOW()),
(3, '罗敏', '你好，我是罗敏。我是一名后端工程师，擅长Python、Go。', 'open', NOW(), NOW()),
(4, '罗强娜', '你好，我是罗强娜。我是一名前端工程师，擅长TypeScript、Flutter。', 'open', NOW(), NOW()),
(5, '杨伟强', '你好，我是杨伟强。我是一名产品经理，擅长TypeScript。', 'open', NOW(), NOW()),
(6, '孙勇超', '你好，我是孙勇超。我是一名全栈工程师，擅长TypeScript。', 'open', NOW(), NOW()),
(7, '张敏军', '你好，我是张敏军。我是一名数据分析师，擅长Vue、SQL。', 'open', NOW(), NOW()),
(8, '郭霞明', '你好，我是郭霞明。我是一名全栈工程师，擅长Vue、Kubernetes、Figma。', 'open', NOW(), NOW()),
(9, '赵明娟', '你好，我是赵明娟。我是一名后端工程师，擅长Sketch。', 'open', NOW(), NOW()),
(10, '杨勇', '你好，我是杨勇。我是一名产品经理，擅长Node.js、Python、Docker。', 'open', NOW(), NOW()),
(11, '刘超静', '你好，我是刘超静。我是一名算法工程师，擅长Node.js、TypeScript、Docker。', 'open', NOW(), NOW()),
(12, '孙军', '你好，我是孙军。我是一名后端工程师，擅长SQL、Sketch。', 'open', NOW(), NOW()),
(13, '高超敏', '你好，我是高超敏。我是一名测试工程师，擅长Python、SQL。', 'open', NOW(), NOW()),
(14, '何娜伟', '你好，我是何娜伟。我是一名产品经理，擅长Kubernetes、Go、Rust。', 'open', NOW(), NOW()),
(15, '高秀英', '你好，我是高秀英。我是一名架构师，擅长Swift。', 'open', NOW(), NOW()),
(16, '刘杰勇', '你好，我是刘杰勇。我是一名设计师，擅长Vue。', 'open', NOW(), NOW()),
(17, '胡勇芳', '你好，我是胡勇芳。我是一名设计师，擅长Go。', 'open', NOW(), NOW()),
(18, '郭伟超', '你好，我是郭伟超。我是一名测试工程师，擅长Sketch、Vue、Kubernetes。', 'open', NOW(), NOW()),
(19, '罗超', '你好，我是罗超。我是一名设计师，擅长Docker、Rust。', 'open', NOW(), NOW()),
(20, '周芳静', '你好，我是周芳静。我是一名全栈工程师，擅长Figma。', 'open', NOW(), NOW()),
(21, '高勇刚', '你好，我是高勇刚。我是一名产品经理，擅长Rust、C++、SQL。', 'open', NOW(), NOW()),
(22, '杨秀英', '你好，我是杨秀英。我是一名全栈工程师，擅长Sketch、Kubernetes。', 'open', NOW(), NOW()),
(23, '马艳静', '你好，我是马艳静。我是一名设计师，擅长Rust。', 'open', NOW(), NOW()),
(24, '杨平明', '你好，我是杨平明。我是一名前端工程师，擅长Node.js、Rust。', 'open', NOW(), NOW()),
(25, '朱秀兰桂英', '你好，我是朱秀兰桂英。我是一名前端工程师，擅长Python、Swift。', 'open', NOW(), NOW()),
(26, '林丽秀兰', '你好，我是林丽秀兰。我是一名全栈工程师，擅长Go、Node.js。', 'open', NOW(), NOW()),
(27, '朱超', '你好，我是朱超。我是一名数据分析师，擅长C++、Vue、Rust。', 'open', NOW(), NOW()),
(28, '胡涛敏', '你好，我是胡涛敏。我是一名测试工程师，擅长Node.js、Docker。', 'open', NOW(), NOW()),
(29, '杨涛霞', '你好，我是杨涛霞。我是一名产品经理，擅长Node.js。', 'open', NOW(), NOW()),
(30, '周明杰', '你好，我是周明杰。我是一名算法工程师，擅长SQL、C++、Go。', 'open', NOW(), NOW()),
(31, '王涛', '你好，我是王涛。我是一名产品经理，擅长Swift。', 'open', NOW(), NOW()),
(32, '黄明', '你好，我是黄明。我是一名后端工程师，擅长Figma。', 'open', NOW(), NOW()),
(33, '赵明静', '你好，我是赵明静。我是一名数据分析师，擅长Kubernetes、React、Go。', 'open', NOW(), NOW()),
(34, '朱娟娟', '你好，我是朱娟娟。我是一名算法工程师，擅长Flutter、Rust、Python。', 'open', NOW(), NOW()),
(35, '胡涛', '你好，我是胡涛。我是一名全栈工程师，擅长Swift。', 'open', NOW(), NOW()),
(36, '杨娟娟', '你好，我是杨娟娟。我是一名前端工程师，擅长Sketch。', 'open', NOW(), NOW()),
(37, '徐平敏', '你好，我是徐平敏。我是一名运维工程师，擅长SQL。', 'open', NOW(), NOW()),
(38, '张娟磊', '你好，我是张娟磊。我是一名数据分析师，擅长Flutter。', 'open', NOW(), NOW()),
(39, '何平静', '你好，我是何平静。我是一名运维工程师，擅长Docker、TypeScript、Swift。', 'open', NOW(), NOW()),
(40, '李涛勇', '你好，我是李涛勇。我是一名设计师，擅长Kubernetes、Docker。', 'open', NOW(), NOW()),
(41, '黄涛刚', '你好，我是黄涛刚。我是一名全栈工程师，擅长Rust、Vue。', 'open', NOW(), NOW()),
(42, '罗静娟', '你好，我是罗静娟。我是一名产品经理，擅长C++。', 'open', NOW(), NOW()),
(43, '吴霞敏', '你好，我是吴霞敏。我是一名全栈工程师，擅长Swift、Figma。', 'open', NOW(), NOW()),
(44, '马伟丽', '你好，我是马伟丽。我是一名算法工程师，擅长Java、Go。', 'open', NOW(), NOW()),
(45, '陈涛敏', '你好，我是陈涛敏。我是一名前端工程师，擅长Flutter。', 'open', NOW(), NOW()),
(46, '罗伟', '你好，我是罗伟。我是一名数据分析师，擅长Flutter、Python、Swift。', 'open', NOW(), NOW()),
(47, '王静刚', '你好，我是王静刚。我是一名后端工程师，擅长Python、SQL。', 'open', NOW(), NOW()),
(48, '马秀兰杰', '你好，我是马秀兰杰。我是一名设计师，擅长TypeScript。', 'open', NOW(), NOW()),
(49, '何秀英', '你好，我是何秀英。我是一名架构师，擅长Docker。', 'open', NOW(), NOW()),
(50, '孙涛', '你好，我是孙涛。我是一名测试工程师，擅长Flutter、TypeScript、Node.js。', 'open', NOW(), NOW());

-- Seed Ticket_Tags
INSERT INTO ticket_tags (ticket_id, tag_id) VALUES
(1, 33),
(1, 17),
(1, 40),
(1, 9),
(1, 47),
(2, 31),
(2, 13),
(2, 18),
(2, 47),
(2, 12),
(2, 44),
(3, 38),
(3, 30),
(3, 8),
(3, 36),
(3, 12),
(4, 7),
(4, 1),
(4, 48),
(4, 18),
(4, 27),
(5, 41),
(5, 18),
(5, 32),
(5, 23),
(6, 33),
(6, 18),
(6, 24),
(6, 40),
(7, 19),
(7, 35),
(7, 15),
(7, 42),
(7, 44),
(8, 24),
(8, 20),
(8, 21),
(8, 19),
(8, 6),
(8, 10),
(9, 41),
(9, 16),
(9, 44),
(9, 30),
(10, 28),
(10, 31),
(10, 11),
(10, 5),
(10, 23),
(10, 12),
(11, 11),
(11, 5),
(11, 46),
(11, 48),
(11, 18),
(11, 47),
(12, 30),
(12, 42),
(12, 16),
(12, 15),
(12, 44),
(13, 3),
(13, 41),
(13, 12),
(13, 43),
(13, 15),
(14, 8),
(14, 25),
(14, 14),
(14, 23),
(14, 29),
(14, 10),
(15, 46),
(15, 39),
(15, 17),
(15, 33),
(16, 19),
(16, 50),
(16, 48),
(16, 34),
(17, 8),
(17, 50),
(17, 46),
(17, 22),
(18, 19),
(18, 16),
(18, 41),
(18, 34),
(18, 43),
(18, 10),
(19, 50),
(19, 22),
(19, 5),
(19, 3),
(19, 14),
(20, 34),
(20, 24),
(20, 31),
(20, 6),
(21, 33),
(21, 4),
(21, 32),
(21, 14),
(21, 23),
(21, 15),
(22, 24),
(22, 40),
(22, 16),
(22, 41),
(22, 10),
(23, 14),
(23, 50),
(23, 31),
(23, 29),
(24, 21),
(24, 11),
(24, 40),
(24, 14),
(24, 27),
(25, 49),
(25, 17),
(25, 27),
(25, 41),
(25, 12),
(26, 24),
(26, 11),
(26, 8),
(26, 32),
(26, 25),
(27, 33),
(27, 4),
(27, 38),
(27, 19),
(27, 14),
(27, 35),
(28, 11),
(28, 5),
(28, 32),
(28, 48),
(28, 43),
(29, 2),
(29, 11),
(29, 23),
(29, 48),
(30, 49),
(30, 4),
(30, 8),
(30, 48),
(30, 47),
(30, 15),
(31, 46),
(31, 26),
(31, 17),
(31, 23),
(32, 28),
(32, 25),
(32, 6),
(32, 30),
(33, 21),
(33, 8),
(33, 35),
(33, 29),
(33, 13),
(33, 10),
(34, 7),
(34, 45),
(34, 14),
(34, 47),
(34, 12),
(34, 29),
(35, 24),
(35, 31),
(35, 17),
(35, 40),
(36, 16),
(36, 45),
(36, 28),
(36, 27),
(37, 44),
(37, 48),
(37, 51),
(37, 15),
(38, 7),
(38, 37),
(38, 35),
(38, 26),
(39, 28),
(39, 17),
(39, 21),
(39, 5),
(39, 18),
(39, 51),
(40, 50),
(40, 5),
(40, 1),
(40, 41),
(40, 10),
(41, 24),
(41, 46),
(41, 19),
(41, 26),
(41, 14),
(42, 4),
(42, 2),
(42, 26),
(42, 23),
(43, 49),
(43, 24),
(43, 22),
(43, 17),
(43, 6),
(44, 8),
(44, 9),
(44, 45),
(44, 47),
(44, 29),
(45, 7),
(45, 49),
(45, 22),
(45, 27),
(46, 17),
(46, 7),
(46, 45),
(46, 2),
(46, 35),
(46, 12),
(47, 30),
(47, 32),
(47, 41),
(47, 12),
(47, 15),
(48, 18),
(48, 50),
(48, 42),
(48, 44),
(49, 5),
(49, 39),
(49, 45),
(49, 2),
(50, 11),
(50, 7),
(50, 1),
(50, 26),
(50, 18),
(50, 43);

-- Additional Ticket: 唐玮
INSERT INTO tickets (id, title, description, status, created_at, updated_at) VALUES
(51, '唐玮', '你好，我是唐玮。我是一名架构师，拥有丰富的全栈开发经验，精通C++、Go、Rust和Kubernetes。', 'open', NOW(), NOW());

INSERT INTO ticket_tags (ticket_id, tag_id) VALUES
(51, 39), -- 架构师
(51, 24), -- 全栈工程师
(51, 4),  -- C++
(51, 8),  -- Go
(51, 14), -- Rust
(51, 10), -- Kubernetes
(51, 3),  -- 90后
(51, 46), -- 硕士
(51, 21), -- 严谨
(51, 36); -- 有责任心
